<?xml version="1.0" encoding="UTF-8"?>
<project-private xmlns="http://www.netbeans.org/ns/project-private/1">
    <editor-bookmarks xmlns="http://www.netbeans.org/ns/editor-bookmarks/2" lastBookmarkId="0"/>
    <open-files xmlns="http://www.netbeans.org/ns/projectui-open-files/2">
        <group>
            <file>file:/E:/vs%20workspace/class%20system/src/classsystem/Checkallstudent.java</file>
            <file>file:/E:/vs%20workspace/class%20system/src/classsystem/Deleteastudent.java</file>
            <file>file:/E:/vs%20workspace/class%20system/src/classsystem/objectclass.java</file>
            <file>file:/E:/vs%20workspace/class%20system/src/classsystem/Takenote.java</file>
            <file>file:/E:/vs%20workspace/class%20system/src/classsystem/Searchstudent.java</file>
            <file>file:/E:/vs%20workspace/class%20system/src/classsystem/Accountcontrol.java</file>
            <file>file:/E:/vs%20workspace/class%20system/src/classsystem/Home.java</file>
            <file>file:/E:/vs%20workspace/class%20system/src/classsystem/Registerstudent.java</file>
            <file>file:/E:/vs%20workspace/class%20system/src/classsystem/Admin.java</file>
            <file>file:/E:/vs%20workspace/class%20system/src/classsystem/Checkastudent.java</file>
        </group>
    </open-files>
</project-private>
